Date,Close,High,Low,Open,Volume,Market_Return
,^GSPC,^GSPC,^GSPC,^GSPC,^GSPC,
2022-03-07,4201.08984375,4327.009765625,4199.85009765625,4327.009765625,6940470000,
2022-03-08,4170.7001953125,4276.93994140625,4157.8701171875,4202.66015625,7243120000,-0.00723375351819977
2022-03-09,4277.8798828125,4299.39990234375,4223.10009765625,4223.10009765625,5662670000,0.02569824789143582
2022-03-10,4259.52001953125,4268.27978515625,4209.7998046875,4252.5498046875,4980830000,-0.004291813651667864
2022-03-11,4204.31005859375,4291.009765625,4200.490234375,4279.5,4938640000,-0.012961545123475138
2022-03-14,4173.10986328125,4247.56982421875,4161.72021484375,4202.75,5574920000,-0.007421002465963666
2022-03-15,4262.4501953125,4271.0498046875,4187.89990234375,4188.81982421875,5392470000,0.021408574170870942
2022-03-16,4357.85986328125,4358.89990234375,4251.990234375,4288.14013671875,6309750000,0.02238376135718223
2022-03-17,4411.669921875,4412.669921875,4335.64990234375,4345.10986328125,4985090000,0.01234781757145198
2022-03-18,4463.1201171875,4465.39990234375,4390.56982421875,4407.33984375,8278430000,0.011662294827948783
2022-03-21,4461.18017578125,4481.75,4424.2998046875,4462.39990234375,4869820000,-0.00043466036210393355
2022-03-22,4511.60986328125,4522.0,4469.10009765625,4469.10009765625,4754840000,0.0113041136006502
2022-03-23,4456.240234375,4501.06982421875,4455.81005859375,4493.10009765625,4550670000,-0.012272698789159042
2022-03-24,4520.16015625,4520.580078125,4465.169921875,4469.97998046875,4131390000,0.01434391292056647
2022-03-25,4543.06005859375,4546.02978515625,4501.06982421875,4522.91015625,4305020000,0.005066170567449069
2022-03-28,4575.52001953125,4575.64990234375,4517.68994140625,4541.08984375,4312260000,0.007144955276586762
2022-03-29,4631.60009765625,4637.2998046875,4589.66015625,4602.85986328125,5085910000,0.012256547427530462
2022-03-30,4602.4501953125,4627.77001953125,4581.31982421875,4624.2001953125,4385570000,-0.0062937001746978805
2022-03-31,4530.41015625,4603.06982421875,4530.41015625,4599.02001953125,4823020000,-0.015652540713177343
2022-04-01,4545.85986328125,4548.7001953125,4507.56982421875,4540.31982421875,4562940000,0.0034102225843584133
2022-04-04,4582.64013671875,4583.5,4539.2099609375,4547.97021484375,4547350000,0.008090938687879357
2022-04-05,4525.1201171875,4593.4501953125,4514.169921875,4572.4501953125,4800620000,-0.012551720801807331
2022-04-06,4481.14990234375,4503.93994140625,4450.0400390625,4494.169921875,4986830000,-0.009716916613271898
2022-04-07,4500.2099609375,4521.16015625,4450.2998046875,4474.64990234375,4821490000,0.004253385628492534
2022-04-08,4488.27978515625,4520.41015625,4474.60009765625,4494.14990234375,4083200000,-0.002651026482054286
2022-04-11,4412.52978515625,4464.35009765625,4408.3798828125,4462.64013671875,4266290000,-0.01687729010355421
2022-04-12,4397.4501953125,4471.0,4381.33984375,4437.58984375,4152090000,-0.003417447717741773
2022-04-13,4446.58984375,4453.919921875,4392.7001953125,4394.2998046875,3828150000,0.011174577597236057
2022-04-14,4392.58984375,4460.4599609375,4390.77001953125,4449.1201171875,4083090000,-0.01214413784439794
2022-04-18,4391.68994140625,4410.31005859375,4370.2998046875,4385.6298828125,3910490000,-0.0002048682840329885
2022-04-19,4462.2099609375,4471.02978515625,4390.6298828125,4390.6298828125,4108120000,0.016057604355527166
2022-04-20,4459.4501953125,4488.2900390625,4448.759765625,4472.259765625,4290450000,-0.0006184750715809706
2022-04-21,4393.66015625,4512.93994140625,4384.47021484375,4489.169921875,4636890000,-0.014752948498371943
2022-04-22,4271.77978515625,4385.830078125,4267.6201171875,4385.830078125,4651940000,-0.027740054250753654
2022-04-25,4296.1201171875,4299.02001953125,4200.81982421875,4255.33984375,5240040000,0.005697936985382235
2022-04-26,4175.2001953125,4278.14013671875,4175.0400390625,4278.14013671875,4689970000,-0.028146308431003852
2022-04-27,4183.9599609375,4240.7099609375,4162.89990234375,4186.52001953125,4769680000,0.0020980468517017847
2022-04-28,4287.5,4308.4501953125,4188.6298828125,4222.580078125,4854180000,0.02474690007293945
2022-04-29,4131.93017578125,4269.68017578125,4124.27978515625,4253.75,5084030000,-0.036284507106413955
2022-05-02,4155.3798828125,4169.81005859375,4062.510009765625,4130.60986328125,5163790000,0.005675242812353654
2022-05-03,4175.47998046875,4200.10009765625,4147.080078125,4159.77978515625,4582050000,0.004837126381486367
2022-05-04,4300.169921875,4307.66015625,4148.91015625,4181.18017578125,5136360000,0.02986242108440229
2022-05-05,4146.8701171875,4270.43017578125,4106.009765625,4270.43017578125,5077030000,-0.035649708609806985
2022-05-06,4123.33984375,4157.68994140625,4067.909912109375,4128.169921875,5116940000,-0.0056742248424840325
2022-05-09,3991.239990234375,4081.27001953125,3975.47998046875,4081.27001953125,5954520000,-0.03203710063235676
2022-05-10,4001.050048828125,4068.820068359375,3958.169921875,4035.179931640625,5885820000,0.0024578974498534745
2022-05-11,3935.179931640625,4049.090087890625,3928.820068359375,3990.080078125,5816140000,-0.01646320750393837
2022-05-12,3930.080078125,3964.800048828125,3858.8701171875,3903.949951171875,6286450000,-0.0012959645058717717
2022-05-13,4023.889892578125,4038.8798828125,3963.89990234375,3963.89990234375,5183340000,0.02386969542307149
2022-05-16,4008.010009765625,4046.4599609375,3983.989990234375,4013.02001953125,4415030000,-0.003946400929555671
2022-05-17,4088.85009765625,4090.719970703125,4033.929931640625,4052.0,4841410000,0.020169632234863677
2022-05-18,3923.679931640625,4051.97998046875,3911.909912109375,4051.97998046875,5103220000,-0.04039526078745259
2022-05-19,3900.7900390625,3945.9599609375,3876.580078125,3899.0,5113550000,-0.005833781800992588
2022-05-20,3901.360107421875,3943.419921875,3810.320068359375,3927.760009765625,5130730000,0.00014614176965843662
2022-05-23,3973.75,3981.8798828125,3909.0400390625,3919.419921875,4420030000,0.018555039930923556
2022-05-24,3941.47998046875,3955.679931640625,3875.1298828125,3942.93994140625,4923190000,-0.008120797617175213
2022-05-25,3978.72998046875,3999.330078125,3925.030029296875,3929.590087890625,4802560000,0.009450764734207695
2022-05-26,4057.840087890625,4075.139892578125,3984.60009765625,3984.60009765625,4709970000,0.019883256167224195
2022-05-27,4158.240234375,4158.490234375,4077.429931640625,4077.429931640625,4375620000,0.02474226295510973
2022-05-31,4132.14990234375,4168.33984375,4104.8798828125,4151.08984375,6822640000,-0.006274368617659065
2022-06-01,4101.22998046875,4166.5400390625,4073.85009765625,4149.77978515625,4531800000,-0.007482768681131846
2022-06-02,4176.81982421875,4177.509765625,4074.3701171875,4095.409912109375,4405790000,0.018431018038486124
2022-06-03,4108.5400390625,4142.669921875,4098.669921875,4137.56982421875,3711110000,-0.016347313992415624
2022-06-06,4121.43017578125,4168.77978515625,4109.18017578125,4134.72021484375,4332700000,0.003137400778913113
2022-06-07,4160.68017578125,4164.85986328125,4080.18994140625,4096.47021484375,4248210000,0.009523393173235029
2022-06-08,4115.77001953125,4160.14013671875,4107.2001953125,4147.1201171875,4159470000,-0.010793945785935621
2022-06-09,4017.820068359375,4119.10009765625,4017.169921875,4101.64990234375,4134170000,-0.02379869397635359
2022-06-10,3900.860107421875,3974.389892578125,3900.159912109375,3974.389892578125,4889640000,-0.029110303335524668
2022-06-13,3749.6298828125,3838.14990234375,3734.300048828125,3838.14990234375,5636890000,-0.038768430665237275
2022-06-14,3735.47998046875,3778.179931640625,3705.679931640625,3763.52001953125,5153890000,-0.0037736797459957394
2022-06-15,3789.989990234375,3837.56005859375,3722.300048828125,3764.050048828125,5530480000,0.014592504858983224
2022-06-16,3666.77001953125,3728.179931640625,3639.77001953125,3728.179931640625,5644930000,-0.03251195148816344
2022-06-17,3674.840087890625,3707.7099609375,3636.8701171875,3665.89990234375,8520740000,0.002200865698254617
2022-06-21,3764.7900390625,3779.64990234375,3715.31005859375,3715.31005859375,5292260000,0.024477242280086964
2022-06-22,3759.889892578125,3801.7900390625,3717.68994140625,3733.889892578125,5058990000,-0.0013015723144006452
2022-06-23,3795.72998046875,3802.580078125,3743.52001953125,3774.7099609375,5098640000,0.009532217409177868
2022-06-24,3911.739990234375,3913.64990234375,3821.75,3821.75,8120260000,0.03056329358583576
2022-06-27,3900.110107421875,3927.719970703125,3889.659912109375,3920.760009765625,4325310000,-0.0029730715337762392
2022-06-28,3821.550048828125,3945.860107421875,3820.139892578125,3913.0,4270120000,-0.020143036075892073
2022-06-29,3818.830078125,3836.5,3799.02001953125,3825.090087890625,4211240000,-0.0007117454091590814
2022-06-30,3785.3798828125,3818.989990234375,3738.669921875,3785.989990234375,4840070000,-0.008759278267998716
2022-07-01,3825.330078125,3829.820068359375,3752.10009765625,3781.0,4046950000,0.010553814029047315
2022-07-05,3831.389892578125,3832.18994140625,3742.06005859375,3792.610107421875,5076590000,0.0015841285142366157
2022-07-06,3845.080078125,3870.909912109375,3809.3701171875,3831.97998046875,4417720000,0.0035731642904301975
2022-07-07,3902.6201171875,3910.6298828125,3858.85009765625,3858.85009765625,4057770000,0.014964587965241805
2022-07-08,3899.3798828125,3918.5,3869.340087890625,3888.260009765625,3521620000,-0.000830271529819071
2022-07-11,3854.429931640625,3880.93994140625,3847.219970703125,3880.93994140625,3423480000,-0.011527461422777274
2022-07-12,3818.800048828125,3873.409912109375,3802.360107421875,3851.949951171875,3817210000,-0.009243878717321574
2022-07-13,3801.780029296875,3829.43994140625,3759.070068359375,3779.669921875,4109390000,-0.0044569025122100925
2022-07-14,3790.3798828125,3796.409912109375,3721.56005859375,3763.989990234375,4199690000,-0.00299863390215227
2022-07-15,3863.159912109375,3863.6201171875,3817.179931640625,3818.0,4143800000,0.01920124935943668
2022-07-18,3830.85009765625,3902.43994140625,3818.6298828125,3883.7900390625,4046870000,-0.008363571580831342
2022-07-19,3936.68994140625,3939.81005859375,3860.72998046875,3860.72998046875,4041070000,0.02762829164595959
2022-07-20,3959.89990234375,3974.1298828125,3922.030029296875,3935.320068359375,4185300000,0.005895806193263242
2022-07-21,3998.949951171875,3999.2900390625,3927.639892578125,3955.469970703125,4132790000,0.00986137270919718
2022-07-22,3961.6298828125,4012.43994140625,3938.860107421875,3998.429931640625,3979240000,-0.00933246697634671
2022-07-25,3966.840087890625,3975.300048828125,3943.4599609375,3965.719970703125,3568340000,0.0013151670479691902
2022-07-26,3921.050048828125,3953.219970703125,3910.739990234375,3953.219970703125,3778950000,-0.01154320266205866
2022-07-27,4023.610107421875,4039.56005859375,3951.429931640625,3951.429931640625,4112180000,0.026156273782937722
2022-07-28,4072.429931640625,4078.949951171875,3992.969970703125,4026.1298828125,4413000000,0.012133338697180918
2022-07-29,4130.2900390625,4140.14990234375,4079.219970703125,4087.330078125,4616360000,0.014207760082581844
2022-08-01,4118.6298828125,4144.9501953125,4096.02001953125,4112.3798828125,4202810000,-0.0028230841271976725
2022-08-02,4091.18994140625,4140.47021484375,4079.81005859375,4104.2099609375,4727710000,-0.006662395550704803
2022-08-03,4155.169921875,4167.66015625,4107.9599609375,4107.9599609375,4351760000,0.015638477163140152
2022-08-04,4151.93994140625,4161.2900390625,4135.419921875,4154.85009765625,4283320000,-0.0007773401640558397
2022-08-05,4145.18994140625,4151.580078125,4107.31005859375,4115.8701171875,4085940000,-0.0016257460597355333
2022-08-08,4140.06005859375,4186.6201171875,4128.97021484375,4155.93017578125,4221090000,-0.0012375507238541195
2022-08-09,4122.47021484375,4137.2998046875,4112.08984375,4133.10986328125,3913090000,-0.004248692893594086
2022-08-10,4210.240234375,4211.02978515625,4177.259765625,4181.02001953125,4546010000,0.021290637641290244
2022-08-11,4207.27001953125,4257.91015625,4201.41015625,4227.39990234375,4630200000,-0.0007054739583503
2022-08-12,4280.14990234375,4280.47021484375,4219.77978515625,4225.02001953125,3788010000,0.017322368774566943
2022-08-15,4297.14013671875,4301.7900390625,4256.89990234375,4269.3701171875,3696830000,0.0039695418998517695
2022-08-16,4305.2001953125,4325.27978515625,4277.77001953125,4290.4599609375,4329820000,0.0018756797165810912
2022-08-17,4274.0400390625,4302.18017578125,4253.080078125,4280.39990234375,3885030000,-0.007237794954094601
2022-08-18,4283.740234375,4292.52978515625,4261.97998046875,4273.1298828125,3340330000,0.002269561170191503
2022-08-19,4228.47998046875,4266.31005859375,4218.7001953125,4266.31005859375,3761340000,-0.012900001139847905
2022-08-22,4137.990234375,4195.080078125,4129.85986328125,4195.080078125,3907430000,-0.0214000649197158
2022-08-23,4128.72998046875,4159.77001953125,4124.02978515625,4133.08984375,3823520000,-0.0022378626777133093
2022-08-24,4140.77001953125,4156.56005859375,4119.97021484375,4126.5498046875,3583630000,0.0029161604463010526
2022-08-25,4199.1201171875,4200.5400390625,4147.58984375,4153.259765625,3566870000,0.014091605518061545
2022-08-26,4057.659912109375,4203.0400390625,4057.659912109375,4198.740234375,3832750000,-0.03368805871951874
2022-08-29,4030.610107421875,4062.989990234375,4017.419921875,4034.580078125,3396510000,-0.006666355799502699
2022-08-30,3986.159912109375,4044.97998046875,3965.2099609375,4041.25,3835860000,-0.011028155571448206
2022-08-31,3955.0,4015.3701171875,3954.530029296875,4000.669921875,4542490000,-0.007817025105971265
2022-09-01,3966.85009765625,3970.22998046875,3903.64990234375,3936.72998046875,4152250000,0.0029962320243361873
2022-09-02,3924.260009765625,4018.429931640625,3906.2099609375,3994.659912109375,3665850000,-0.010736500458081055
2022-09-06,3908.18994140625,3942.550048828125,3886.75,3930.889892578125,4127340000,-0.004095056983834944
2022-09-07,3979.8701171875,3987.889892578125,3906.030029296875,3909.429931640625,3890320000,0.018341016392734
2022-09-08,4006.179931640625,4010.5,3944.81005859375,3959.93994140625,3966850000,0.006610721877456038
2022-09-09,4067.360107421875,4076.81005859375,4022.93994140625,4022.93994140625,3901940000,0.015271449816332883
2022-09-12,4110.41015625,4119.27978515625,4083.669921875,4083.669921875,3814200000,0.0105842727693497
2022-09-13,3932.68994140625,4037.1201171875,3921.280029296875,4037.1201171875,4224550000,-0.0432366134006168
2022-09-14,3946.010009765625,3961.93994140625,3912.179931640625,3940.72998046875,4293240000,0.0033870120853238816
2022-09-15,3901.35009765625,3959.139892578125,3888.280029296875,3932.409912109375,4441830000,-0.011317739184353415
2022-09-16,3873.330078125,3880.949951171875,3837.080078125,3880.949951171875,7954650000,-0.007182134089448455
2022-09-19,3899.889892578125,3900.449951171875,3838.5,3849.909912109375,3766850000,0.006857100716286535
2022-09-20,3855.929931640625,3876.010009765625,3827.5400390625,3875.22998046875,4058050000,-0.011272103097361819
2022-09-21,3789.929931640625,3907.070068359375,3789.489990234375,3871.39990234375,4078330000,-0.017116493600784488
2022-09-22,3757.989990234375,3790.89990234375,3749.449951171875,3782.360107421875,4284600000,-0.00842758097968943
2022-09-23,3693.22998046875,3727.139892578125,3647.469970703125,3727.139892578125,5144270000,-0.017232619015461026
2022-09-26,3655.0400390625,3715.669921875,3644.760009765625,3682.719970703125,4886140000,-0.010340526208282075
2022-09-27,3647.2900390625,3717.530029296875,3623.2900390625,3686.43994140625,4577740000,-0.0021203598092424114
2022-09-28,3719.0400390625,3736.739990234375,3640.610107421875,3651.93994140625,4684850000,0.019672139926234733
2022-09-29,3640.469970703125,3687.010009765625,3610.39990234375,3687.010009765625,4681810000,-0.021126437880238824
2022-09-30,3585.6201171875,3671.43994140625,3584.1298828125,3633.47998046875,5645360000,-0.015066695771983274
2022-10-03,3678.429931640625,3698.35009765625,3604.929931640625,3609.780029296875,4806680000,0.025883894952576147
2022-10-04,3790.929931640625,3791.919921875,3726.4599609375,3726.4599609375,5146580000,0.030583700679551518
2022-10-05,3783.280029296875,3806.909912109375,3722.659912109375,3753.25,4293180000,-0.002017948757084831
2022-10-06,3744.52001953125,3797.929931640625,3739.219970703125,3771.969970703125,4252100000,-0.010245080846639998
2022-10-07,3639.659912109375,3706.739990234375,3620.72998046875,3706.739990234375,4449660000,-0.028003617786773516
2022-10-10,3612.389892578125,3652.169921875,3588.10009765625,3647.510009765625,3834320000,-0.00749246363390188
2022-10-11,3588.840087890625,3640.659912109375,3568.449951171875,3595.860107421875,4759030000,-0.006519175777754405
2022-10-12,3577.030029296875,3608.340087890625,3573.860107421875,3590.830078125,4006830000,-0.0032907731480149582
2022-10-13,3669.909912109375,3685.409912109375,3491.580078125,3520.3701171875,5021680000,0.02596564246086497
2022-10-14,3583.070068359375,3712.0,3579.679931640625,3690.409912109375,4243030000,-0.02366266361565439
2022-10-17,3677.949951171875,3689.72998046875,3638.64990234375,3638.64990234375,4352780000,0.026480052302171098
2022-10-18,3719.97998046875,3762.7900390625,3686.530029296875,3746.260009765625,4483740000,0.011427569666488724
2022-10-19,3695.159912109375,3728.580078125,3666.510009765625,3703.110107421875,4223800000,-0.0066720972934503076
2022-10-20,3665.780029296875,3736.0,3656.43994140625,3689.050048828125,4496620000,-0.007950909706564868
2022-10-21,3752.75,3757.889892578125,3647.419921875,3657.10009765625,5078020000,0.02372481982226482
2022-10-24,3797.340087890625,3810.739990234375,3741.64990234375,3762.010009765625,4747930000,0.011881976654619875
2022-10-25,3859.110107421875,3862.85009765625,3799.43994140625,3799.43994140625,4843120000,0.016266654579669915
2022-10-26,3830.60009765625,3886.14990234375,3824.070068359375,3825.969970703125,4817310000,-0.007387716072364547
2022-10-27,3807.300048828125,3859.949951171875,3803.7900390625,3834.68994140625,4687320000,-0.006082610618211248
2022-10-28,3901.06005859375,3905.419921875,3808.260009765625,3808.260009765625,4459410000,0.024626377895927698
2022-10-31,3871.97998046875,3893.72998046875,3863.179931640625,3881.85009765625,4820620000,-0.00745440410765752
2022-11-01,3856.10009765625,3911.7900390625,3843.800048828125,3901.7900390625,4481210000,-0.004101230608784645
2022-11-02,3759.68994140625,3894.43994140625,3758.679931640625,3852.89990234375,4899000000,-0.02500198485734284
2022-11-03,3719.889892578125,3750.590087890625,3698.14990234375,3733.25,4625290000,-0.010585992315429671
2022-11-04,3770.550048828125,3796.340087890625,3708.840087890625,3766.97998046875,5400180000,0.013618724670070526
2022-11-07,3806.800048828125,3813.949951171875,3764.699951171875,3780.7099609375,4341620000,0.009613981920559844
2022-11-08,3828.110107421875,3859.39990234375,3786.280029296875,3817.02001953125,4607640000,0.005597892802462701
2022-11-09,3748.570068359375,3818.199951171875,3744.219970703125,3810.93994140625,4645010000,-0.02077788695478977
2022-11-10,3956.3701171875,3958.330078125,3859.889892578125,3859.889892578125,5781260000,0.05543448436034493
2022-11-11,3992.929931640625,4001.47998046875,3944.820068359375,3963.719970703125,5593310000,0.009240746788147902
2022-11-14,3957.25,4008.969970703125,3956.39990234375,3977.969970703125,4561930000,-0.008935777048800997
2022-11-15,3991.72998046875,4028.840087890625,3953.169921875,4006.409912109375,5015310000,0.008713116550319144
2022-11-16,3958.7900390625,3983.090087890625,3954.340087890625,3976.820068359375,4165320000,-0.008252046497990273
2022-11-17,3946.56005859375,3954.330078125,3906.5400390625,3919.260009765625,4051780000,-0.0030893228355314273
2022-11-18,3965.340087890625,3979.889892578125,3935.97998046875,3966.389892578125,4037360000,0.00475858190881473
2022-11-21,3949.93994140625,3962.0,3933.340087890625,3956.22998046875,3850690000,-0.003883688698329779
2022-11-22,4003.580078125,4005.8798828125,3956.8798828125,3965.510009765625,3887990000,0.013579987927526016
2022-11-23,4027.260009765625,4033.780029296875,3998.659912109375,4000.300048828125,3279720000,0.0059146891478476515
2022-11-25,4026.1201171875,4034.02001953125,4020.760009765625,4023.340087890625,1706460000,-0.0002830441976333642
2022-11-28,3963.93994140625,4012.27001953125,3955.77001953125,4005.360107421875,3615430000,-0.015444192913123267
2022-11-29,3957.6298828125,3976.77001953125,3937.64990234375,3964.18994140625,3546040000,-0.0015918653377758885
2022-11-30,4080.110107421875,4080.110107421875,3938.580078125,3957.179931640625,6579360000,0.030947872397389053
2022-12-01,4076.570068359375,4100.509765625,4050.8701171875,4087.139892578125,4527130000,-0.0008676332180498347
2022-12-02,4071.699951171875,4080.47998046875,4026.6298828125,4040.169921875,4012620000,-0.001194660488065602
2022-12-05,3998.840087890625,4052.449951171875,3984.489990234375,4052.02001953125,4280820000,-0.017894212283564803
2022-12-06,3941.260009765625,4001.510009765625,3918.389892578125,3996.6298828125,4368380000,-0.014399194981406072
2022-12-07,3933.919921875,3957.570068359375,3922.679931640625,3933.280029296875,4118050000,-0.0018623708845491027
2022-12-08,3963.510009765625,3974.18994140625,3935.830078125,3947.7900390625,4006900000,0.00752178195750397
2022-12-09,3934.3798828125,3977.02001953125,3933.0400390625,3954.169921875,3888260000,-0.007349578247904498
2022-12-12,3990.56005859375,3990.7099609375,3935.300048828125,3939.2900390625,3904130000,0.014279296218109305
2022-12-13,4019.64990234375,4100.9599609375,3993.030029296875,4069.3798828125,5079360000,0.0072896644387934195
2022-12-14,3995.320068359375,4053.760009765625,3965.64990234375,4015.5400390625,4472340000,-0.006052724634100337
2022-12-15,3895.75,3958.3701171875,3879.449951171875,3958.3701171875,4493900000,-0.024921675023714007
2022-12-16,3852.360107421875,3890.909912109375,3827.909912109375,3890.909912109375,7493660000,-0.011137750774080746
2022-12-19,3817.659912109375,3854.860107421875,3800.0400390625,3853.7900390625,3969610000,-0.009007516001852345
2022-12-20,3821.6201171875,3838.239990234375,3795.6201171875,3810.469970703125,3985370000,0.0010373383615349674
2022-12-21,3878.43994140625,3889.820068359375,3839.489990234375,3839.489990234375,3775200000,0.014867993802734736
2022-12-22,3822.389892578125,3853.260009765625,3764.489990234375,3853.260009765625,3956950000,-0.01445169956861636
2022-12-23,3844.820068359375,3845.800048828125,3797.010009765625,3815.110107421875,2819280000,0.005868102525282026
2022-12-27,3829.25,3846.64990234375,3813.219970703125,3843.340087890625,3030300000,-0.004049622110409712
2022-12-28,3783.219970703125,3848.320068359375,3780.780029296875,3829.56005859375,3083520000,-0.012020638322615351
2022-12-29,3849.280029296875,3858.18994140625,3805.449951171875,3805.449951171875,3003680000,0.01746133164481911
2022-12-30,3839.5,3839.85009765625,3800.340087890625,3829.06005859375,2979870000,-0.0025407424823445934
2023-01-03,3824.139892578125,3878.4599609375,3794.330078125,3853.2900390625,3959140000,-0.004000548879248611
2023-01-04,3852.969970703125,3873.159912109375,3815.77001953125,3840.360107421875,4414080000,0.007538970575044379
2023-01-05,3808.10009765625,3839.739990234375,3802.419921875,3839.739990234375,3893450000,-0.011645528874622113
2023-01-06,3895.080078125,3906.18994140625,3809.56005859375,3823.3701171875,3923560000,0.02284078102943865
2023-01-09,3892.090087890625,3950.570068359375,3890.419921875,3910.820068359375,4311770000,-0.0007676325452631305
2023-01-10,3919.25,3919.830078125,3877.2900390625,3888.570068359375,3851030000,0.006978233159061986
2023-01-11,3969.610107421875,3970.070068359375,3928.5400390625,3932.35009765625,4303360000,0.012849424614881588
2023-01-12,3983.169921875,3997.760009765625,3937.56005859375,3977.570068359375,4440260000,0.0034159058663651987
2023-01-13,3999.090087890625,4003.949951171875,3947.669921875,3960.60009765625,3939700000,0.003996858363534361
2023-01-17,3990.969970703125,4015.389892578125,3984.570068359375,3999.280029296875,4235560000,-0.0020304911890052235
2023-01-18,3928.860107421875,4014.159912109375,3926.590087890625,4002.25,4298710000,-0.015562598500411085
2023-01-19,3898.85009765625,3922.93994140625,3885.5400390625,3911.840087890625,3991500000,-0.007638350296294338
2023-01-20,3972.610107421875,3972.9599609375,3897.860107421875,3909.0400390625,4013360000,0.018918401045981525
2023-01-23,4019.81005859375,4039.31005859375,3971.639892578125,3978.139892578125,3945210000,0.01188134498366522
2023-01-24,4016.949951171875,4023.919921875,3989.7900390625,4001.739990234375,3320430000,-0.0007115031258156934
2023-01-25,4016.219970703125,4019.550048828125,3949.06005859375,3982.7099609375,3724020000,-0.0001817250594663422
2023-01-26,4060.429931640625,4061.570068359375,4013.2900390625,4036.080078125,3809590000,0.011007853469181317
2023-01-27,4070.56005859375,4094.2099609375,4048.699951171875,4053.719970703125,3907760000,0.002494840970949097
2023-01-30,4017.77001953125,4063.85009765625,4015.550048828125,4049.27001953125,3802000000,-0.012968740984683369
2023-01-31,4076.60009765625,4077.159912109375,4020.43994140625,4020.85009765625,4679320000,0.014642470285510134
2023-02-01,4119.2099609375,4148.9501953125,4037.199951171875,4070.070068359375,4856930000,0.010452303944590291
2023-02-02,4179.759765625,4195.43994140625,4141.8798828125,4158.68017578125,5624360000,0.014699373244309921
2023-02-03,4136.47998046875,4182.35986328125,4123.35986328125,4136.68994140625,4694510000,-0.010354610691310495
2023-02-06,4111.080078125,4124.6298828125,4093.3798828125,4119.56982421875,4114240000,-0.006140463017754394
2023-02-07,4164.0,4176.5400390625,4088.389892578125,4105.35009765625,4355860000,0.01287251059802652
2023-02-08,4117.85986328125,4156.85009765625,4111.669921875,4153.47021484375,4029820000,-0.011080724476164705
2023-02-09,4081.5,4156.22998046875,4069.669921875,4144.25,4270200000,-0.00882979617773516
2023-02-10,4090.4599609375,4094.360107421875,4060.7900390625,4068.919921875,3891520000,0.0021952617756952897
2023-02-13,4137.2900390625,4138.89990234375,4092.669921875,4096.6201171875,3448620000,0.011448609342766147
2023-02-14,4136.1298828125,4159.77001953125,4095.010009765625,4126.7001953125,3929200000,-0.0002804145319874607
2023-02-15,4147.60009765625,4148.10986328125,4103.97998046875,4119.5,4075980000,0.002773175690496066
2023-02-16,4090.409912109375,4136.5400390625,4089.489990234375,4114.75,4143660000,-0.013788741489130674
2023-02-17,4079.090087890625,4081.510009765625,4047.949951171875,4077.389892578125,4045480000,-0.002767405825327751
2023-02-21,3997.340087890625,4052.35009765625,3995.18994140625,4052.35009765625,4121590000,-0.020041234255327334
2023-02-22,3991.050048828125,4017.3701171875,3976.89990234375,4001.830078125,4079320000,-0.0015735561458868341
2023-02-23,4012.320068359375,4028.300048828125,3969.18994140625,4018.60009765625,3952940000,0.005329429416074394
2023-02-24,3970.0400390625,3978.25,3943.080078125,3973.239990234375,3877700000,-0.010537551485558128
2023-02-27,3982.239990234375,4018.050048828125,3973.550048828125,3992.360107421875,3836950000,0.0030730045671669703
2023-02-28,3970.14990234375,3997.5,3968.97998046875,3977.18994140625,5043400000,-0.0030360018281855305
2023-03-01,3951.389892578125,3971.72998046875,3939.050048828125,3963.340087890625,4249480000,-0.004725264845680033
2023-03-02,3981.35009765625,3990.840087890625,3928.159912109375,3938.679931640625,4244900000,0.0075821940867943916
2023-03-03,4045.639892578125,4048.2900390625,3995.169921875,3998.02001953125,4084730000,0.0161477371607488
2023-03-06,4048.419921875,4078.489990234375,4044.610107421875,4055.14990234375,4000870000,0.0006871667698291617
2023-03-07,3986.3701171875,4050.0,3980.31005859375,4048.260009765625,3922500000,-0.015326919115337678
2023-03-08,3992.010009765625,4000.409912109375,3969.760009765625,3987.550048828125,3535570000,0.0014147940136839399
2023-03-09,3918.320068359375,4017.81005859375,3908.699951171875,3998.659912109375,4445260000,-0.01845935787384867
2023-03-10,3861.590087890625,3934.050048828125,3846.320068359375,3912.77001953125,5518190000,-0.01447813845705137
2023-03-13,3855.760009765625,3905.050048828125,3808.860107421875,3835.1201171875,6558020000,-0.001509761003189447
2023-03-14,3919.2900390625,3937.2900390625,3873.6298828125,3894.010009765625,5665870000,0.016476655480623936
2023-03-15,3891.929931640625,3894.260009765625,3838.239990234375,3876.739990234375,6594010000,-0.00698088356543769
2023-03-16,3960.280029296875,3964.4599609375,3864.110107421875,3878.929931640625,5695790000,0.017562006217166637
2023-03-17,3916.639892578125,3958.909912109375,3901.27001953125,3958.68994140625,9354280000,-0.011019457310067593
2023-03-20,3951.570068359375,3956.6201171875,3916.889892578125,3917.469970703125,5347140000,0.008918403718310097
2023-03-21,4002.8701171875,4009.080078125,3971.18994140625,3975.889892578125,4920240000,0.012982193897784988
2023-03-22,3936.969970703125,4039.489990234375,3936.169921875,4002.0400390625,4533010000,-0.01646322377571363
2023-03-23,3948.719970703125,4007.659912109375,3919.050048828125,3959.2099609375,4991600000,0.0029845287333754023
2023-03-24,3970.989990234375,3972.739990234375,3909.159912109375,3939.2099609375,4583970000,0.005639807253104534
2023-03-27,3977.530029296875,4003.830078125,3970.489990234375,3982.929931640625,4233540000,0.0016469543057482383
2023-03-28,3971.27001953125,3979.199951171875,3951.530029296875,3974.1298828125,4014600000,-0.0015738434957162095
2023-03-29,4027.81005859375,4030.590087890625,3999.530029296875,3999.530029296875,4145250000,0.014237268879836451
2023-03-30,4050.830078125,4057.85009765625,4032.10009765625,4046.739990234375,3930860000,0.005715269388667954
2023-03-31,4109.31005859375,4110.75,4056.179931640625,4056.179931640625,4525120000,0.014436542471763847
2023-04-03,4124.509765625,4127.66015625,4098.7900390625,4102.2001953125,4234700000,0.0036988464765423945
2023-04-04,4100.60009765625,4133.1298828125,4086.8701171875,4128.02978515625,4227800000,-0.005796972083329965
2023-04-05,4090.3798828125,4099.68994140625,4072.56005859375,4094.5,3968020000,-0.002492370531228194
2023-04-06,4105.02001953125,4107.31982421875,4069.840087890625,4081.14990234375,3486690000,0.0035791630944272956
2023-04-10,4109.10986328125,4109.5,4072.550048828125,4085.199951171875,3423650000,0.0009963029974375814
2023-04-11,4108.93994140625,4124.259765625,4102.60986328125,4110.2900390625,3665830000,-4.1352477946232646e-05
2023-04-12,4091.949951171875,4134.3701171875,4086.93994140625,4121.72021484375,3633120000,-0.004134884052006904
2023-04-13,4146.22021484375,4150.259765625,4099.39990234375,4100.0400390625,3596590000,0.01326268999363811
2023-04-14,4137.64013671875,4163.18994140625,4113.2001953125,4140.10986328125,3575690000,-0.0020693734728036706
2023-04-17,4151.31982421875,4151.72021484375,4123.18017578125,4137.169921875,3611180000,0.00330615690296554
2023-04-18,4154.8701171875,4169.47998046875,4140.35986328125,4164.259765625,3536640000,0.0008552202959737354
2023-04-19,4154.52001953125,4162.56982421875,4134.490234375,4139.330078125,3572560000,-8.42619976980652e-05
2023-04-20,4129.7900390625,4148.56982421875,4114.56982421875,4130.47998046875,3772080000,-0.00595254815297297
2023-04-21,4133.52001953125,4138.02001953125,4113.85986328125,4132.14013671875,3611750000,0.0009031888869577287
2023-04-24,4137.0400390625,4142.41015625,4117.77001953125,4132.06982421875,3290940000,0.0008515791660903549
2023-04-25,4071.6298828125,4126.43017578125,4071.3798828125,4126.43017578125,3978640000,-0.015810858882773227
2023-04-26,4055.989990234375,4089.669921875,4049.35009765625,4087.780029296875,3837030000,-0.003841187197329843
2023-04-27,4135.35009765625,4138.240234375,4075.2900390625,4075.2900390625,3750550000,0.01956614972249704
2023-04-28,4169.47998046875,4170.06005859375,4127.18017578125,4129.6298828125,4087800000,0.008253202753460531
2023-05-01,4167.8701171875,4186.919921875,4164.1201171875,4166.7900390625,3321370000,-0.0003861064902076494
2023-05-02,4119.580078125,4164.10009765625,4089.719970703125,4164.10009765625,4486130000,-0.011586262936400304
2023-05-03,4090.75,4148.2998046875,4088.860107421875,4122.25,4246510000,-0.006998305064656485
2023-05-04,4061.219970703125,4082.610107421875,4048.280029296875,4082.550048828125,4920090000,-0.007218732334382416
2023-05-05,4136.25,4147.02001953125,4084.72998046875,4084.72998046875,4186270000,0.018474751389515376
2023-05-08,4138.1201171875,4142.2998046875,4123.81005859375,4136.97998046875,3641640000,0.0004521286642489297
2023-05-09,4119.169921875,4130.35009765625,4116.64990234375,4124.25,3810140000,-0.004579421277258522
2023-05-10,4137.64013671875,4154.27978515625,4098.919921875,4143.740234375,4057160000,0.004483965263404999
2023-05-11,4130.6201171875,4132.7998046875,4109.2900390625,4132.240234375,3752900000,-0.0016966239932159066
2023-05-12,4124.080078125,4143.740234375,4099.1201171875,4138.5400390625,3533740000,-0.0015833068345566526
2023-05-15,4136.27978515625,4141.25,4110.27001953125,4126.64990234375,3562170000,0.0029581644391338813
2023-05-16,4109.89990234375,4135.5400390625,4109.85986328125,4127.9501953125,3654200000,-0.006377683373153031
2023-05-17,4158.77001953125,4164.669921875,4113.6201171875,4122.85009765625,4039080000,0.011890829058788244
2023-05-18,4198.0498046875,4202.2001953125,4153.5,4157.68017578125,3980500000,0.009445048649426635
2023-05-19,4191.97998046875,4212.91015625,4180.2001953125,4204.14990234375,4041900000,-0.0014458676054706077
2023-05-22,4192.6298828125,4209.22021484375,4179.68017578125,4190.77978515625,3728520000,0.0001550346964389604
2023-05-23,4145.580078125,4185.68017578125,4142.5400390625,4176.7998046875,4155320000,-0.011222026747550129
2023-05-24,4115.240234375,4132.9599609375,4103.97998046875,4132.9599609375,0,-0.007318600335353365
2023-05-25,4151.27978515625,4165.740234375,4129.72998046875,4155.7099609375,4147760000,0.008757581265902425
2023-05-26,4205.4501953125,4212.8701171875,4156.16015625,4156.16015625,3715460000,0.01304908677799732
2023-05-30,4205.52001953125,4231.10009765625,4192.18017578125,4226.7099609375,4228510000,1.660326849850513e-05
2023-05-31,4179.830078125,4195.43994140625,4166.14990234375,4190.740234375,5980670000,-0.006108624209833935
2023-06-01,4221.02001953125,4232.43017578125,4171.64013671875,4183.02978515625,4391860000,0.009854453563032717
2023-06-02,4282.3701171875,4290.669921875,4241.009765625,4241.009765625,4454200000,0.014534424705965554
2023-06-05,4273.7900390625,4299.27978515625,4266.81982421875,4282.990234375,3813290000,-0.0020035816359177394
2023-06-06,4283.85009765625,4288.330078125,4263.08984375,4271.33984375,3996560000,0.0023538963079141606
2023-06-07,4267.52001953125,4299.18994140625,4263.9599609375,4285.47021484375,4537800000,-0.0038120096998572883
2023-06-08,4293.93017578125,4298.009765625,4261.06982421875,4268.68994140625,3826740000,0.0061886426142414575
2023-06-09,4298.85986328125,4322.6201171875,4291.7001953125,4304.8798828125,3786510000,0.001148059539441082
2023-06-12,4338.93017578125,4340.1298828125,4304.3701171875,4308.31982421875,3945670000,0.009321148810237156
2023-06-13,4369.009765625,4375.3701171875,4349.31005859375,4352.60986328125,4275400000,0.006932489951473775
2023-06-14,4372.58984375,4391.81982421875,4337.85009765625,4366.2900390625,4252110000,0.0008194255259321714
2023-06-15,4425.83984375,4439.2001953125,4362.60009765625,4365.330078125,4176690000,0.01217813742034668
2023-06-16,4409.58984375,4448.47021484375,4407.43994140625,4440.9501953125,6848600000,-0.0036716195284263176
2023-06-20,4388.7099609375,4400.14990234375,4367.18994140625,4396.10986328125,4055790000,-0.0047351076976228645
2023-06-21,4365.68994140625,4386.22021484375,4360.14013671875,4380.009765625,3709330000,-0.005245281583003636
2023-06-22,4381.89013671875,4382.25,4351.81982421875,4355.39990234375,3511000000,0.003710798414438443
2023-06-23,4348.330078125,4366.5498046875,4341.33984375,4354.169921875,6053620000,-0.007658808766684566
2023-06-26,4328.81982421875,4362.06005859375,4328.080078125,4344.83984375,3415030000,-0.004486838293256468
2023-06-27,4378.41015625,4384.419921875,4335.0,4337.35986328125,3573500000,0.011455854954693034
2023-06-28,4376.85986328125,4390.35009765625,4360.22021484375,4367.47998046875,3739330000,-0.00035407668843834283
2023-06-29,4396.43994140625,4398.39013671875,4371.97021484375,4374.93994140625,3696660000,0.004473544672805918
2023-06-30,4450.3798828125,4458.47998046875,4422.43994140625,4422.43994140625,3923450000,0.012269004495714109
2023-07-03,4455.58984375,4456.4599609375,4442.2900390625,4450.47998046875,2034280000,0.0011706778016009611
2023-07-05,4446.81982421875,4454.06005859375,4436.60986328125,4442.0400390625,3482620000,-0.0019683184132291975
2023-07-06,4411.58984375,4422.6201171875,4385.0498046875,4422.6201171875,3682020000,-0.007922511336500904
2023-07-07,4398.9501953125,4440.39013671875,4397.39990234375,4404.5400390625,3630480000,-0.0028651005386203243
2023-07-10,4409.52978515625,4412.60009765625,4389.919921875,4394.22998046875,3429600000,0.002405026057131332
2023-07-11,4439.259765625,4443.64013671875,4408.4599609375,4415.5498046875,3624220000,0.0067422110558885695
2023-07-12,4472.16015625,4488.33984375,4463.22998046875,4467.68994140625,3920290000,0.007411233485312474
2023-07-13,4510.0400390625,4517.3798828125,4489.35986328125,4491.5,3839530000,0.008470153458069118
2023-07-14,4505.419921875,4527.759765625,4499.56005859375,4514.60986328125,3647450000,-0.0010244071333035398
2023-07-17,4522.7900390625,4532.85009765625,4504.89990234375,4508.85986328125,3538240000,0.0038553825145495324
2023-07-18,4554.97998046875,4562.2998046875,4514.58984375,4521.77978515625,4090010000,0.007117275205842377
2023-07-19,4565.72021484375,4578.43017578125,4557.47998046875,4563.8701171875,4115670000,0.002357910335732072
2023-07-20,4534.8701171875,4564.740234375,4527.56005859375,4554.3798828125,3761770000,-0.006756896218903741
2023-07-21,4536.33984375,4555.0,4535.7900390625,4550.16015625,3570190000,0.0003240945218980773
2023-07-24,4554.64013671875,4563.41015625,4541.2900390625,4543.39013671875,3856250000,0.004034153877153557
2023-07-25,4567.4599609375,4580.6201171875,4552.419921875,4555.18994140625,3812470000,0.002814673351556163
2023-07-26,4566.75,4582.47021484375,4547.580078125,4558.9599609375,3990290000,-0.00015543889679858758
2023-07-27,4537.41015625,4607.06982421875,4528.56005859375,4598.259765625,4553210000,-0.006424666064487883
2023-07-28,4582.22998046875,4590.16015625,4564.009765625,4565.75,3981010000,0.009877842794752345
2023-07-31,4588.9599609375,4594.22021484375,4573.14013671875,4584.81982421875,4503600000,0.0014687129405193122
2023-08-01,4576.72998046875,4584.6201171875,4567.52978515625,4578.830078125,4042370000,-0.002665087639215691
2023-08-02,4513.39013671875,4550.93017578125,4505.75,4550.93017578125,4270710000,-0.013839541336347905
2023-08-03,4501.89013671875,4519.490234375,4485.5400390625,4494.27001953125,4149120000,-0.0025479738404268204
2023-08-04,4478.02978515625,4540.33984375,4474.5498046875,4513.9599609375,4143310000,-0.005300074155050516
2023-08-07,4518.43994140625,4519.83984375,4491.14990234375,4491.580078125,3493920000,0.00902409277936278
2023-08-08,4499.3798828125,4503.31005859375,4464.39013671875,4498.02978515625,3884910000,-0.004218283044793103
2023-08-09,4467.7099609375,4502.43994140625,4461.330078125,4501.56982421875,3803100000,-0.007038730380597102
2023-08-10,4468.830078125,4527.3701171875,4457.919921875,4487.16015625,4504370000,0.00025071394456976925
2023-08-11,4464.0498046875,4476.22998046875,4443.97998046875,4450.68994140625,3753290000,-0.0010696923700230787
2023-08-14,4489.72021484375,4490.330078125,4453.43994140625,4458.1298828125,3896410000,0.005750475751703066
2023-08-15,4437.85986328125,4478.8701171875,4432.18994140625,4478.8701171875,3832250000,-0.011550909428841738
2023-08-16,4404.330078125,4449.9501953125,4403.5498046875,4433.7900390625,3753910000,-0.007555395210577687
2023-08-17,4370.35986328125,4421.169921875,4364.830078125,4416.31982421875,3943700000,-0.007712913029036983
2023-08-18,4369.7099609375,4381.81982421875,4335.31005859375,4344.8798828125,3940400000,-0.00014870682600087726
2023-08-21,4399.77001953125,4407.5498046875,4360.2998046875,4380.27978515625,3726850000,0.006879188518795987
2023-08-22,4387.5498046875,4418.58984375,4382.77001953125,4415.330078125,3522760000,-0.002777466728829614
2023-08-23,4436.009765625,4443.18017578125,4396.43994140625,4396.43994140625,3837270000,0.011044879965972587
2023-08-24,4376.31005859375,4458.2998046875,4375.5498046875,4455.16015625,3723470000,-0.013457974663146133
2023-08-25,4405.7099609375,4418.4599609375,4356.2900390625,4389.3798828125,3296180000,0.006717966037625089
2023-08-28,4433.31005859375,4439.56005859375,4414.97998046875,4426.02978515625,2957230000,0.006264619755036449
2023-08-29,4497.6298828125,4500.14013671875,4431.68017578125,4432.75,3354820000,0.01450830719454621
2023-08-30,4514.8701171875,4521.64990234375,4493.58984375,4500.33984375,3064110000,0.003833182103508026
2023-08-31,4507.66015625,4532.259765625,4507.39013671875,4517.009765625,3946360000,-0.0015969365120942491
2023-09-01,4515.77001953125,4541.25,4501.35009765625,4530.60009765625,3246260000,0.0017991292600010311
2023-09-05,4496.830078125,4514.2900390625,4496.009765625,4510.06005859375,3526250000,-0.004194177587506065
2023-09-06,4465.47998046875,4490.35009765625,4442.3798828125,4490.35009765625,3418850000,-0.006971599351452862
2023-09-07,4451.14013671875,4457.81005859375,4430.4599609375,4434.5498046875,3763760000,-0.0032112659361860363
2023-09-08,4457.490234375,4473.52978515625,4448.3798828125,4451.2998046875,3259290000,0.0014266227216406246
2023-09-11,4487.4599609375,4490.77001953125,4467.89013671875,4480.97998046875,3369920000,0.006723453106275201
2023-09-12,4461.89990234375,4487.10986328125,4456.830078125,4473.27001953125,3435740000,-0.005695885604828921
2023-09-13,4467.43994140625,4479.39013671875,4453.52001953125,4462.64990234375,3529430000,0.0012416323054647016
2023-09-14,4505.10009765625,4511.990234375,4478.68994140625,4487.77978515625,3648720000,0.00842991886716793
2023-09-15,4450.31982421875,4497.97998046875,4447.2099609375,4497.97998046875,6932230000,-0.012159612938677844
2023-09-18,4453.52978515625,4466.35986328125,4442.10986328125,4445.1298828125,3161230000,0.0007212876971294246
2023-09-19,4443.9501953125,4449.85009765625,4416.60986328125,4445.41015625,3614880000,-0.002151010615372817
2023-09-20,4402.2001953125,4461.02978515625,4401.3798828125,4452.81005859375,3308450000,-0.0093947947580596
2023-09-21,4330.0,4375.7001953125,4329.169921875,4374.35986328125,3662340000,-0.01640093410321941
2023-09-22,4320.06005859375,4357.39990234375,4316.490234375,4341.740234375,3349570000,-0.002295598477193961
2023-09-25,4337.43994140625,4338.509765625,4302.7001953125,4310.6201171875,3195650000,0.0040230650909416354
2023-09-26,4273.52978515625,4313.009765625,4265.97998046875,4312.8798828125,3472340000,-0.014734533990868215
2023-09-27,4274.509765625,4292.06982421875,4238.6298828125,4282.6298828125,3875880000,0.00022931406074522265
2023-09-28,4299.7001953125,4317.27001953125,4264.3798828125,4269.64990234375,3846230000,0.005893173970516585
2023-09-29,4288.0498046875,4333.14990234375,4274.85986328125,4328.18017578125,3865960000,-0.002709582086142026
2023-10-02,4288.39013671875,4300.580078125,4260.2099609375,4284.52001953125,3938660000,7.936755559079245e-05
2023-10-03,4229.4501953125,4281.14990234375,4216.4501953125,4269.75,3953830000,-0.013744071674259506
2023-10-04,4263.75,4268.5,4220.47998046875,4233.830078125,3777600000,0.008109754957160709
2023-10-05,4258.18994140625,4267.1298828125,4225.91015625,4259.31005859375,3581470000,-0.001304030159777203
2023-10-06,4308.5,4324.10009765625,4219.5498046875,4234.7900390625,3902030000,0.011814893014644445
2023-10-09,4335.66015625,4341.72998046875,4283.7900390625,4289.02001953125,3174630000,0.00630385429964031
2023-10-10,4358.240234375,4385.4599609375,4339.64013671875,4339.75,3520240000,0.005207990781392224
2023-10-11,4376.9501953125,4378.64013671875,4345.33984375,4366.58984375,3601660000,0.00429300817103373
2023-10-12,4349.60986328125,4385.85009765625,4325.43017578125,4380.93994140625,3713140000,-0.00624643434611849
2023-10-13,4327.77978515625,4377.10009765625,4311.97021484375,4360.490234375,3566560000,-0.005018858888767519
2023-10-16,4373.6298828125,4383.330078125,4342.3701171875,4342.3701171875,3409960000,0.01059436938392988
2023-10-17,4373.2001953125,4393.56982421875,4337.5400390625,4345.22998046875,3794850000,-9.824505308242415e-05
2023-10-18,4314.60009765625,4364.2001953125,4303.83984375,4357.35009765625,3686030000,-0.013399820506516447
2023-10-19,4278.0,4339.5400390625,4269.68994140625,4321.35986328125,3969730000,-0.008482848196321058
2023-10-20,4224.16015625,4276.56005859375,4223.02978515625,4273.85009765625,4004030000,-0.012585283719027562
2023-10-23,4217.0400390625,4255.83984375,4189.22021484375,4210.39990234375,3776100000,-0.0016855698941634634
2023-10-24,4247.68017578125,4259.3798828125,4219.43017578125,4235.7900390625,3821820000,0.007265792222727274
2023-10-25,4186.77001953125,4232.419921875,4181.419921875,4232.419921875,3869370000,-0.014339628627712542
2023-10-26,4137.22998046875,4183.60009765625,4127.89990234375,4175.990234375,4277640000,-0.011832519778109618
2023-10-27,4117.3701171875,4156.7001953125,4103.77978515625,4152.93017578125,4019500000,-0.004800280229768528
2023-10-30,4166.81982421875,4177.47021484375,4132.93994140625,4139.39013671875,3911140000,0.012010022325859904
2023-10-31,4193.7998046875,4195.5498046875,4153.1201171875,4171.330078125,4249470000,0.006474957307233353
2023-11-01,4237.85986328125,4245.64013671875,4197.740234375,4201.27001953125,4224900000,0.010505999486313922
2023-11-02,4317.77978515625,4319.72021484375,4268.259765625,4268.259765625,4669780000,0.01885855702012762
2023-11-03,4358.33984375,4373.6201171875,4334.22998046875,4334.22998046875,4570960000,0.009393730253031363
2023-11-06,4365.97998046875,4372.2099609375,4347.52978515625,4364.27001953125,3656340000,0.0017529924220356374
2023-11-07,4378.3798828125,4386.259765625,4355.41015625,4366.2099609375,3791230000,0.0028401189192852616
2023-11-08,4382.77978515625,4391.2001953125,4359.759765625,4384.3701171875,3729510000,0.0010049156221052513
2023-11-09,4347.35009765625,4393.39990234375,4343.93994140625,4391.41015625,3900780000,-0.008083839306732843
2023-11-10,4415.240234375,4418.02978515625,4353.33984375,4364.14990234375,3665080000,0.015616441094852496
2023-11-13,4411.5498046875,4421.759765625,4393.81982421875,4406.66015625,3326240000,-0.0008358389332403515
2023-11-14,4495.7001953125,4508.669921875,4458.97021484375,4458.97021484375,4700350000,0.019075017703661823
2023-11-15,4502.8798828125,4521.169921875,4495.31005859375,4505.2998046875,4347170000,0.0015970120755575135
2023-11-16,4508.240234375,4511.990234375,4487.830078125,4497.080078125,3964520000,0.0011904273935798848
2023-11-17,4514.02001953125,4520.1201171875,4499.66015625,4509.5498046875,3777240000,0.0012820490603360213
2023-11-20,4547.3798828125,4557.10986328125,4510.35986328125,4511.7001953125,3644790000,0.007390278097329839
2023-11-21,4538.18994140625,4542.14013671875,4525.509765625,4538.77001953125,3511080000,-0.0020209310950652926
2023-11-22,4556.6201171875,4568.43017578125,4545.0498046875,4553.0400390625,3042810000,0.00406112922094648
2023-11-24,4559.33984375,4560.31005859375,4552.7998046875,4555.83984375,1639500000,0.0005968736678840791
2023-11-27,4550.43017578125,4560.52001953125,4546.31982421875,4554.85986328125,3403990000,-0.001954157460090089
2023-11-28,4554.89013671875,4568.14013671875,4540.509765625,4545.5498046875,3586240000,0.0009801185306033133
2023-11-29,4550.580078125,4587.64013671875,4547.14990234375,4571.83984375,4418760000,-0.0009462486392383118
2023-11-30,4567.7998046875,4569.89013671875,4537.240234375,4554.8701171875,5399300000,0.0037840728581564065
2023-12-01,4594.6298828125,4599.39013671875,4554.7099609375,4559.43017578125,4397120000,0.005873742123607695
2023-12-04,4569.77978515625,4572.3701171875,4546.72021484375,4564.3701171875,4369910000,-0.005408509126972105
2023-12-05,4567.18017578125,4578.56005859375,4551.68017578125,4557.25,3909950000,-0.0005688697261614362
2023-12-06,4549.33984375,4590.740234375,4546.5,4586.22998046875,4245680000,-0.003906202808869552
2023-12-07,4585.58984375,4590.919921875,4565.22021484375,4568.83984375,3818880000,0.007968189065892917
2023-12-08,4604.3701171875,4609.22998046875,4574.06005859375,4576.2001953125,3707010000,0.00409549786994079
2023-12-11,4622.43994140625,4623.7099609375,4593.39013671875,4593.39013671875,3823210000,0.003924494286698943
2023-12-12,4643.7001953125,4643.93017578125,4608.08984375,4618.2998046875,3808380000,0.00459935752021523
2023-12-13,4707.08984375,4709.68994140625,4643.22998046875,4646.2001953125,5063650000,0.013650676351045998
2023-12-14,4719.5498046875,4738.56982421875,4694.33984375,4721.0400390625,6314040000,0.0026470624846992585
2023-12-15,4719.18994140625,4725.52978515625,4704.68994140625,4714.22998046875,8218980000,-7.62494933082003e-05
2023-12-18,4740.56005859375,4749.52001953125,4725.580078125,4725.580078125,4060340000,0.004528344366900416
2023-12-19,4768.3701171875,4768.68994140625,4743.72021484375,4743.72021484375,4026970000,0.005866407818910568
2023-12-20,4698.35009765625,4778.009765625,4697.81982421875,4764.72998046875,4201320000,-0.014684266911006771
2023-12-21,4746.75,4748.7099609375,4708.35009765625,4724.2900390625,3431180000,0.010301467821202559
2023-12-22,4754.6298828125,4772.93994140625,4736.77001953125,4753.919921875,3046770000,0.0016600585268868873
2023-12-26,4774.75,4784.72021484375,4758.4501953125,4758.85986328125,2513910000,0.0042316894655107795
2023-12-27,4781.580078125,4785.39013671875,4768.89990234375,4773.4501953125,2748450000,0.0014304577464787638
2023-12-28,4783.35009765625,4793.2998046875,4780.97998046875,4786.43994140625,2698860000,0.0003701746080437829
2023-12-29,4769.830078125,4788.43017578125,4751.990234375,4782.8798828125,3126060000,-0.0028264750133749628
2024-01-02,4742.830078125,4754.330078125,4722.669921875,4745.2001953125,3743050000,-0.005660579005492328
2024-01-03,4704.81005859375,4729.2900390625,4699.7099609375,4725.06982421875,3950760000,-0.008016314922730805
2024-01-04,4688.68017578125,4726.77978515625,4687.52978515625,4697.419921875,3715480000,-0.0034283812973570083
2024-01-05,4697.240234375,4721.490234375,4682.10986328125,4690.56982421875,3844370000,0.0018256861788026324
2024-01-08,4763.5400390625,4764.5400390625,4699.81982421875,4703.7001953125,3742320000,0.014114629309846638
2024-01-09,4756.5,4765.47021484375,4730.35009765625,4741.93017578125,3529960000,-0.0014779006799081618
2024-01-10,4783.4501953125,4790.7998046875,4756.2001953125,4759.93994140625,3498680000,0.00566597189372442
2024-01-11,4780.240234375,4798.5,4739.580078125,4792.1298828125,3759890000,-0.0006710555783868699
2024-01-12,4783.830078125,4802.39990234375,4768.97998046875,4791.18017578125,3486340000,0.0007509755941104146
2024-01-16,4765.97998046875,4782.33984375,4747.1201171875,4772.35009765625,4260550000,-0.0037313402367431525
2024-01-17,4739.2099609375,4744.22998046875,4714.81982421875,4739.1298828125,3928600000,-0.005616897183990499
2024-01-18,4780.93994140625,4785.7900390625,4740.56982421875,4760.10009765625,4019000000,0.008805260963896
2024-01-19,4839.81005859375,4842.06982421875,4785.8701171875,4796.27978515625,4287200000,0.012313502764936146
2024-01-22,4850.43017578125,4868.41015625,4844.0498046875,4853.419921875,4297610000,0.0021943252026270788
2024-01-23,4864.60009765625,4866.47998046875,4844.3701171875,4856.7998046875,3912800000,0.002921374261968035
2024-01-24,4868.5498046875,4903.68017578125,4865.93994140625,4888.56005859375,4330030000,0.0008119284117831249
2024-01-25,4894.16015625,4898.14990234375,4869.33984375,4886.66015625,4020430000,0.005260365527706368
2024-01-26,4890.97021484375,4906.68994140625,4881.47021484375,4888.91015625,3353400000,-0.0006517852510764532
2024-01-29,4927.93017578125,4929.31005859375,4887.39990234375,4892.9501953125,3525160000,0.007556774896180896
2024-01-30,4924.97021484375,4931.08984375,4916.27001953125,4925.89013671875,3836130000,-0.0006006499345398986
2024-01-31,4845.64990234375,4906.75,4845.14990234375,4899.18994140625,4696120000,-0.016105744611597972
2024-02-01,4906.18994140625,4906.97021484375,4853.52001953125,4861.10986328125,4386090000,0.012493688211609788
2024-02-02,4958.60986328125,4975.2900390625,4907.990234375,4916.06005859375,3974350000,0.01068444607751462
2024-02-05,4942.81005859375,4957.18994140625,4918.08984375,4957.18994140625,4023640000,-0.0031863375266721894
2024-02-06,4954.22998046875,4957.77001953125,4934.8798828125,4950.16015625,4440880000,0.0023104108269635937
2024-02-07,4995.06005859375,4999.89013671875,4969.0498046875,4973.0498046875,4895590000,0.008241457963390042
2024-02-08,4997.91015625,5000.39990234375,4987.08984375,4995.16015625,4341860000,0.0005705832608251526
2024-02-09,5026.60986328125,5030.06005859375,5000.33984375,5004.169921875,3912990000,0.0057423415255595245
2024-02-12,5021.83984375,5048.39013671875,5016.830078125,5026.830078125,3805740000,-0.0009489536011326738
2024-02-13,4953.169921875,4971.2998046875,4920.31005859375,4967.93994140625,4302190000,-0.013674255653625456
2024-02-14,5000.6201171875,5002.52001953125,4956.4501953125,4976.43994140625,3845600000,0.009579763275017639
2024-02-15,5029.72998046875,5032.72021484375,4999.43994140625,5003.14013671875,4137970000,0.005821250684729495
2024-02-16,5005.56982421875,5038.7001953125,4999.52001953125,5031.1298828125,3833270000,-0.0048034698371121065
2024-02-20,4975.509765625,4993.7099609375,4955.02001953125,4989.31982421875,4034880000,-0.006005322001165325
2024-02-21,4981.7998046875,4983.2099609375,4946.0,4963.02978515625,3788390000,0.001264199922982101
2024-02-22,5087.02978515625,5094.39013671875,5038.830078125,5038.830078125,4051710000,0.02112288421741404
2024-02-23,5088.7998046875,5111.06005859375,5081.4599609375,5100.919921875,3672790000,0.0003479475462115911
2024-02-26,5069.52978515625,5097.66015625,5068.91015625,5093.0,3683930000,-0.003786751350190576
2024-02-27,5078.18017578125,5080.68994140625,5057.2900390625,5074.60009765625,3925950000,0.0017063496993998672
2024-02-28,5069.759765625,5077.3701171875,5058.35009765625,5067.2001953125,3789370000,-0.001658155060430544
2024-02-29,5096.27001953125,5104.990234375,5061.89013671875,5085.35986328125,5219740000,0.005229094697149161
2024-03-01,5137.080078125,5140.330078125,5094.16015625,5098.509765625,4748110000,0.00800782894888763
2024-03-04,5130.9501953125,5149.669921875,5127.18017578125,5130.990234375,4758440000,-0.0011932620709189656
2024-03-05,5078.64990234375,5114.5400390625,5056.81982421875,5110.52001953125,4418410000,-0.010193100883444606
2024-03-06,5104.759765625,5127.97021484375,5092.22021484375,5108.02978515625,4559050000,0.005141103203274655
2024-03-07,5157.35986328125,5165.6201171875,5128.2099609375,5132.3798828125,4137980000,0.010304127925951478
2024-03-08,5123.68994140625,5189.259765625,5117.5,5164.4599609375,4208870000,-0.0065285190034379825
2024-03-11,5117.93994140625,5124.66015625,5091.14013671875,5111.9599609375,3896430000,-0.001122238087346461
2024-03-12,5175.27001953125,5179.8701171875,5114.47998046875,5134.2998046875,4080510000,0.011201787981366396
2024-03-13,5165.31005859375,5179.14013671875,5151.8798828125,5173.490234375,4282890000,-0.0019245297153407392
2024-03-14,5150.47998046875,5176.85009765625,5123.2998046875,5175.14013671875,4687970000,-0.0028710915621273925
2024-03-15,5117.08984375,5136.85986328125,5104.35009765625,5123.31005859375,7753670000,-0.006482917484461503
2024-03-18,5149.419921875,5175.60009765625,5145.47021484375,5154.77001953125,4036220000,0.006318059504952345
2024-03-19,5178.509765625,5180.31005859375,5131.58984375,5139.08984375,4031760000,0.0056491496501236416
2024-03-20,5224.6201171875,5226.18994140625,5171.5498046875,5181.68994140625,4064850000,0.008904173912846591
2024-03-21,5241.52978515625,5261.10009765625,5240.66015625,5253.43017578125,4207730000,0.0032365354015160275
2024-03-22,5234.18017578125,5246.08984375,5229.8701171875,5242.47998046875,3374700000,-0.0014021878490156903
2024-03-25,5218.18994140625,5229.08984375,5216.08984375,5219.52001953125,3331360000,-0.0030549644525015296
2024-03-26,5203.580078125,5235.16015625,5203.419921875,5228.85009765625,3871790000,-0.002799795225030266
2024-03-27,5248.490234375,5249.259765625,5213.919921875,5226.31005859375,3850500000,0.008630626525532925
2024-03-28,5254.35009765625,5264.85009765625,5245.81982421875,5248.02978515625,3998270000,0.0011164855071790214
2024-04-01,5243.77001953125,5263.9501953125,5229.2001953125,5257.97021484375,3325930000,-0.0020135845401164643
2024-04-02,5205.81005859375,5208.33984375,5184.0498046875,5204.2900390625,3886590000,-0.0072390590731691296
2024-04-03,5211.490234375,5228.75,5194.3701171875,5194.3701171875,3703250000,0.001091122364688113
2024-04-04,5147.2099609375,5256.58984375,5146.06005859375,5244.0498046875,4075680000,-0.012334336350379616
2024-04-05,5204.33984375,5222.18017578125,5157.2099609375,5158.9501953125,3386780000,0.011099194174331695
2024-04-08,5202.39013671875,5219.56982421875,5197.35009765625,5211.3701171875,3278180000,-0.00037463099831791524
2024-04-09,5209.91015625,5224.81005859375,5160.77978515625,5217.02978515625,3400680000,0.0014454931932483817
2024-04-10,5160.64013671875,5178.43017578125,5138.7001953125,5167.8798828125,3845930000,-0.009456980649108493
2024-04-11,5199.06005859375,5211.77978515625,5138.77001953125,5172.9501953125,3509380000,0.007444797710585593
2024-04-12,5123.41015625,5175.02978515625,5107.93994140625,5171.509765625,3963220000,-0.01455068829580164
2024-04-15,5061.81982421875,5168.43017578125,5052.47021484375,5149.669921875,3950210000,-0.01202135494776202
2024-04-16,5051.41015625,5079.83984375,5039.830078125,5064.58984375,4006200000,-0.0020565070133361507
2024-04-17,5022.2099609375,5077.9599609375,5007.25,5068.97021484375,3596130000,-0.005780602724641426
2024-04-18,5011.1201171875,5056.66015625,5001.89013671875,5031.52001953125,3619760000,-0.002208160119998248
2024-04-19,4967.22998046875,5019.02001953125,4953.56005859375,5005.43994140625,3878750000,-0.00875854812743615
2024-04-22,5010.60009765625,5038.83984375,4969.39990234375,4987.330078125,3820250000,0.008731248071466746
2024-04-23,5070.5498046875,5076.1201171875,5027.9599609375,5028.85009765625,3751400000,0.011964576270872662
2024-04-24,5071.6298828125,5089.47998046875,5047.02001953125,5084.85986328125,3656740000,0.0002130100613548791
2024-04-25,5048.419921875,5057.75,4990.580078125,5019.8798828125,3958050000,-0.004576430353515626
2024-04-26,5099.9599609375,5114.6201171875,5073.14013671875,5084.64990234375,3604140000,0.01020914263474304
2024-04-29,5116.169921875,5123.490234375,5088.64990234375,5114.1298828125,3447450000,0.0031784486665891176
2024-04-30,5035.68994140625,5110.830078125,5035.31005859375,5103.77978515625,4082470000,-0.01573051358686217
2024-05-01,5018.39013671875,5096.1201171875,5013.4501953125,5029.02978515625,4544170000,-0.0034354388154940185
2024-05-02,5064.2001953125,5073.2099609375,5011.0498046875,5049.31982421875,4381660000,0.009128437077573048
2024-05-03,5127.7900390625,5139.1201171875,5101.22021484375,5122.77978515625,3924990000,0.012556739721478527
2024-05-06,5180.740234375,5181.0,5142.419921875,5142.419921875,3683250000,0.01032612390701182
2024-05-07,5187.7001953125,5200.22998046875,5178.9599609375,5187.2001953125,3987890000,0.0013434298232750663
2024-05-08,5187.669921875,5191.9501953125,5165.85986328125,5168.97998046875,3842100000,-5.835618166138978e-06
2024-05-09,5214.080078125,5215.2998046875,5180.41015625,5189.02978515625,3727370000,0.005090947698625836
2024-05-10,5222.68017578125,5239.66015625,5209.68017578125,5225.490234375,3617900000,0.001649398844549843
2024-05-13,5221.419921875,5237.259765625,5211.16015625,5233.080078125,4255710000,-0.00024130405535727206
2024-05-14,5246.68017578125,5250.3701171875,5217.97998046875,5221.10009765625,4763580000,0.004837813139759728
2024-05-15,5308.14990234375,5311.759765625,5263.259765625,5263.259765625,4360810000,0.011715927882596233
2024-05-16,5297.10009765625,5325.490234375,5296.18994140625,5310.06982421875,3817470000,-0.0020816677921287052
2024-05-17,5303.27001953125,5305.4501953125,5283.58984375,5303.10009765625,3578120000,0.0011647735102702228
2024-05-20,5308.1298828125,5325.31982421875,5302.39990234375,5305.35009765625,3420100000,0.0009163899374069473
2024-05-21,5321.41015625,5324.31982421875,5297.8701171875,5298.68994140625,3662240000,0.002501874243978186
2024-05-22,5307.009765625,5323.18017578125,5286.009765625,5319.27978515625,3847130000,-0.002706123039226127
2024-05-23,5267.83984375,5341.8798828125,5256.93017578125,5340.259765625,3869520000,-0.0073807894850155265
2024-05-24,5304.72021484375,5311.64990234375,5278.39013671875,5281.4501953125,3005510000,0.0070010425881694704
2024-05-28,5306.0400390625,5315.91015625,5280.89013671875,5315.91015625,3751540000,0.0002488018529340774
2024-05-29,5266.9501953125,5282.27001953125,5262.7001953125,5278.72998046875,3552750000,-0.007367046509680453
2024-05-30,5235.47998046875,5260.2099609375,5222.10009765625,5259.77001953125,3818750000,-0.005975035585443322
2024-05-31,5277.509765625,5280.330078125,5191.68017578125,5243.2099609375,5437160000,0.00802787620486467
2024-06-03,5283.39990234375,5302.10986328125,5234.31982421875,5297.14990234375,4046920000,0.0011160825806737495
2024-06-04,5291.33984375,5298.7998046875,5257.6298828125,5278.240234375,3707900000,0.0015028090913065117
2024-06-05,5354.02978515625,5354.16015625,5297.64013671875,5314.47998046875,3591460000,0.011847649793331305
2024-06-06,5352.9599609375,5362.35009765625,5335.35986328125,5357.7998046875,3609990000,-0.00019981663563317653
2024-06-07,5346.990234375,5375.080078125,5331.330078125,5343.81005859375,3692760000,-0.0011152197300303701
2024-06-10,5360.7900390625,5365.7900390625,5331.52001953125,5341.22021484375,3622280000,0.0025808546645145203
2024-06-11,5375.31982421875,5375.9501953125,5327.25,5353.0,3568030000,0.0027103813151374556
2024-06-12,5421.02978515625,5447.25,5409.1298828125,5409.1298828125,3962840000,0.008503672791998707
2024-06-13,5433.740234375,5441.93017578125,5402.509765625,5441.93017578125,3530380000,0.0023446558536817097
2024-06-14,5431.60009765625,5432.39013671875,5403.75,5424.080078125,3438650000,-0.000393860697500914
2024-06-17,5473.22998046875,5488.5,5420.39990234375,5431.10986328125,3447840000,0.007664386564552705
2024-06-18,5487.02978515625,5490.3798828125,5471.31982421875,5476.14990234375,3544330000,0.0025213273947457537
2024-06-20,5473.169921875,5505.52978515625,5455.56005859375,5499.990234375,3847060000,-0.0025259318472709014
2024-06-21,5464.6201171875,5478.31005859375,5452.02978515625,5466.77001953125,6773800000,-0.001562130321101196
2024-06-24,5447.8701171875,5490.66015625,5447.58984375,5459.580078125,3696750000,-0.003065171894990004
2024-06-25,5469.2998046875,5472.8798828125,5446.56005859375,5460.72998046875,3591960000,0.003933590015736899
2024-06-26,5477.89990234375,5483.14013671875,5451.8701171875,5460.7099609375,3563920000,0.0015724312002203256
2024-06-27,5482.8701171875,5490.81005859375,5467.5400390625,5473.58984375,3589530000,0.0009073212238914774
2024-06-28,5460.47998046875,5523.64013671875,5451.1201171875,5488.47998046875,7199220000,-0.004083652583445674
2024-07-01,5475.08984375,5479.5498046875,5446.52978515625,5471.080078125,3488760000,0.0026755639309195
2024-07-02,5509.009765625,5509.68994140625,5458.43017578125,5461.83984375,3329950000,0.006195317856513505
2024-07-03,5537.02001953125,5539.27001953125,5507.419921875,5507.43994140625,2179470000,0.005084444409779065
2024-07-05,5567.18994140625,5570.330078125,5531.6298828125,5537.91015625,3253080000,0.005448765178485582
2024-07-08,5572.85009765625,5583.10986328125,5562.509765625,5572.75,3185670000,0.0010166989647510949
2024-07-09,5576.97998046875,5590.75,5574.56982421875,5584.240234375,3232920000,0.0007410719362856977
2024-07-10,5633.91015625,5635.39013671875,5586.43994140625,5591.259765625,3336100000,0.010208065293514812
2024-07-11,5584.5400390625,5642.4501953125,5576.52978515625,5635.2099609375,4020950000,-0.008763028841120457
2024-07-12,5615.35009765625,5655.56005859375,5590.43994140625,5590.759765625,3700280000,0.0055170270744306915
2024-07-15,5631.22021484375,5666.93994140625,5614.75,5638.16015625,3620470000,0.0028262026252154904
2024-07-16,5667.2001953125,5669.669921875,5639.02001953125,5644.08984375,4041760000,0.006389375498743188
2024-07-17,5588.27001953125,5622.490234375,5584.81005859375,5610.06982421875,4246450000,-0.013927543241993745
2024-07-18,5544.58984375,5614.0498046875,5522.81005859375,5608.56005859375,4007510000,-0.007816403936922511
2024-07-19,5505.0,5557.5,5497.0400390625,5543.3701171875,3760570000,-0.007140265531926926
2024-07-22,5564.41015625,5570.35986328125,5529.0400390625,5544.5400390625,3375180000,0.01079203564940956
2024-07-23,5555.740234375,5585.33984375,5550.89990234375,5565.2998046875,3500210000,-0.001558102589770738
2024-07-24,5427.1298828125,5508.0400390625,5419.97998046875,5505.83984375,3945550000,-0.02314909375473495
2024-07-25,5399.22021484375,5491.58984375,5390.9501953125,5428.7001953125,4592120000,-0.005142620237842288
2024-07-26,5459.10009765625,5488.31982421875,5430.7001953125,5433.669921875,3638770000,0.011090468702846357
2024-07-29,5463.5400390625,5487.740234375,5444.43994140625,5476.5498046875,3379970000,0.0008133101292933098
2024-07-30,5436.43994140625,5489.4599609375,5401.7001953125,5478.72998046875,3777740000,-0.004960171878030217
2024-07-31,5522.2998046875,5551.509765625,5493.75,5505.58984375,4546910000,0.0157933986591674
2024-08-01,5446.68017578125,5566.16015625,5410.419921875,5537.83984375,4703620000,-0.013693502993456064
2024-08-02,5346.56005859375,5383.89013671875,5302.02978515625,5376.6298828125,5156450000,-0.018381860868696753
2024-08-05,5186.330078125,5250.89013671875,5119.259765625,5151.14013671875,5333250000,-0.02996879838863975
2024-08-06,5240.02978515625,5312.33984375,5193.56005859375,5206.419921875,4690190000,0.010354085880061037
2024-08-07,5199.5,5330.64013671875,5195.5400390625,5293.1298828125,4558260000,-0.007734647858502863
2024-08-08,5319.31005859375,5328.02978515625,5233.85009765625,5252.56982421875,4016830000,0.023042611519136447
2024-08-09,5344.16015625,5358.669921875,5300.83984375,5314.66015625,3516400000,0.004671676849538509
2024-08-12,5344.39013671875,5371.2001953125,5324.3701171875,5351.8798828125,3360160000,4.303397765514916e-05
2024-08-13,5434.43017578125,5436.5,5376.97998046875,5376.97998046875,3648980000,0.016847579753558328
